김선빈 (Sun-Bin Kim),10008,올시즌,2024,KIA,34,2B,1.49,0.12,58,227,224,195,26,60,7,0,5,82,26,3,0,25,4,0,21,9,2,0,0.308,0.397,0.421,0.818,0.023,115.1,1.61
안치홍 (Chi-Hong An),10014,올시즌,2024,한화,33,DH,0.88,-0.72,62,265,265,234,35,62,9,0,8,95,30,2,1,25,4,0,40,2,0,2,0.265,0.343,0.406,0.749,-0.004,94.6,0.16
이용규 (Yong-Gyu Lee),10035,올시즌,2024,넥센,38,LF,0.89,0.12,32,134,132,108,15,32,3,0,1,38,6,2,1,18,5,0,19,3,2,1,0.296,0.417,0.352,0.769,0.027,118.2,1.01
이재원 (Jae-Won Lee),10082,올시즌,2024,한화,35,C,-0.14,0.07,17,37,36,28,3,5,0,0,0,5,3,0,0,5,2,1,5,1,1,1,0.179,0.333,0.179,0.512,-0.070,46.6,-0.07
최정 (Jeong Choi),10106,올시즌,2024,,36,3B,2.81,-0.43,55,235,235,197,38,57,13,1,18,126,54,5,0,26,9,0,45,6,0,3,0.289,0.391,0.640,1.031,0.076,155.9,2.38
김강민 (Kang-Min Kim),10108,올시즌,2024,한화,41,CF,0.13,0.08,28,61,61,54,3,16,0,0,1,19,6,0,0,4,3,0,13,1,0,0,0.296,0.377,0.352,0.729,-0.012,89.1,0.22
이명기 (Myung-Ki Lee),10119,올시즌,2024,한화,36,DH,-0.14,0.02,4,8,7,7,0,0,0,0,0,0,1,0,0,0,0,0,3,0,1,0,0.000,0.000,0.000,0.000,-0.324,-117.0,-0.12
양의지 (Eui-Ji Yang),10165,올시즌,2024,두산,36,C,2.11,-0.02,58,240,238,220,26,78,11,0,8,113,52,2,0,12,3,2,21,6,0,5,0.355,0.388,0.514,0.902,0.050,135.8,2.10
최재훈 (Jae-Hun Choi),10170,올시즌,2024,한화,34,C,0.97,0.45,47,161,157,126,18,38,8,0,0,46,15,0,0,15,12,0,26,2,4,4,0.302,0.414,0.365,0.779,0.024,115.6,1.42
김재호 (Jae-Ho Kim),10174,올시즌,2024,두산,38,SS,0.02,-0.26,20,57,55,45,6,11,3,0,0,14,3,0,0,8,1,0,6,2,2,1,0.244,0.364,0.311,0.675,-0.018,84.6,-0.24
이원석 (Won-Seok Lee),10180,올시즌,2024,넥센,37,1B,-0.26,-0.45,28,85,85,72,5,16,3,0,0,19,6,0,0,10,1,0,11,2,0,2,0.222,0.318,0.264,0.582,-0.064,49.8,-0.71
최주환 (Joo-Hwan Choi),10182,올시즌,2024,넥센,35,1B,-1.36,-0.31,51,223,223,201,18,38,6,0,4,56,24,0,1,16,3,1,44,6,0,3,0.189,0.256,0.279,0.535,-0.093,27.1,-1.68
허경민 (Kyeong-Min Heo),10184,올시즌,2024,두산,33,3B,2.40,0.47,52,213,213,185,35,68,15,0,2,89,30,2,0,14,10,0,11,1,0,4,0.368,0.432,0.481,0.913,0.070,151.5,2.87
김현수 (Hyun-Soo Kim),10187,올시즌,2024,LG,35,DH,1.76,-0.71,63,273,273,246,35,77,15,2,6,114,39,2,1,23,1,1,33,6,0,3,0.313,0.370,0.463,0.833,0.025,116.9,1.05
박건우 (Geon-Woo Park),10189,올시즌,2024,NC,33,RF,2.38,-0.43,59,244,242,216,39,74,17,1,5,108,33,2,0,26,1,3,37,5,0,1,0.343,0.414,0.500,0.914,0.056,140.4,1.95
정수빈 (Soo-Bin Jeong),10195,올시즌,2024,두산,33,CF,0.77,0.42,64,284,279,241,47,61,8,3,2,81,18,24,3,29,4,1,32,5,5,5,0.253,0.337,0.336,0.673,-0.023,80.5,1.20
강민호 (Min-Ho Kang),10232,올시즌,2024,삼성,38,C,0.56,0.10,61,182,181,159,17,45,4,1,3,60,24,0,0,16,4,1,15,8,0,3,0.283,0.357,0.377,0.734,-0.007,93.0,0.66
장성우 (Sung-Woo Jang),10235,올시즌,2024,KT,33,C,0.91,0.87,58,204,204,174,16,46,9,0,5,70,32,3,0,28,0,0,36,3,0,2,0.264,0.363,0.402,0.765,0.003,99.9,1.78
김민성 (Min-Sung Kim),10238,올시즌,2024,롯데,35,3B,0.04,0.21,33,81,81,67,5,14,5,0,2,25,8,0,1,10,3,0,17,1,0,1,0.209,0.333,0.373,0.706,-0.026,78.1,0.25
오태곤 (Tae-Gon Oh),10249,올시즌,2024,SSG,32,1B,0.43,0.42,54,85,84,76,11,21,3,0,1,27,6,12,0,8,0,1,19,0,1,0,0.276,0.345,0.355,0.700,-0.017,85.2,0.85
정훈 (Hoon Jung),10253,올시즌,2024,롯데,36,1B,0.33,-0.32,38,143,143,132,12,35,9,0,3,53,15,1,0,11,0,0,25,1,0,0,0.265,0.322,0.402,0.724,-0.019,83.2,0.01
손아섭 (Ah-Sub Son),10261,올시즌,2024,NC,35,DH,0.58,0.20,61,274,273,258,33,76,12,0,4,100,39,6,2,11,0,0,47,1,1,4,0.295,0.319,0.388,0.707,-0.019,83.4,0.78
전준우 (Jun-Woo Jeon),10266,올시즌,2024,롯데,37,DH,1.73,-0.56,40,176,176,159,20,50,11,1,7,84,31,3,1,14,2,0,26,4,0,1,0.314,0.375,0.528,0.903,0.057,140.9,1.17
이지영 (Ji-Young Lee),10312,올시즌,2024,,37,C,0.41,0.71,54,193,191,177,23,52,3,1,2,63,21,5,1,9,4,0,16,4,2,1,0.294,0.340,0.356,0.696,-0.020,82.7,1.11
김상수 (Sang-Su Kim),10320,올시즌,2024,,33,SS,0.14,0.22,45,159,155,140,23,32,7,1,2,47,19,2,1,12,2,0,19,4,4,1,0.229,0.297,0.336,0.633,-0.036,71.1,0.36
최형우 (Hyung-Woo Choi),10344,올시즌,2024,KIA,40,DH,1.46,-0.72,59,254,254,226,34,61,15,1,9,105,49,0,1,25,1,2,40,1,0,2,0.270,0.343,0.465,0.808,0.022,114.5,0.74
박동원 (Dong-Won Park),10387,올시즌,2024,LG,33,C,2.08,0.69,55,209,207,175,26,48,10,0,10,88,36,1,0,30,0,1,42,7,1,3,0.274,0.375,0.503,0.878,0.059,142.1,2.77
오재일 (Jae-Il Oh),10400,올시즌,2024,KT,37,1B,-0.10,-0.40,32,97,97,88,9,19,7,1,4,40,11,0,0,8,0,0,29,6,0,1,0.216,0.278,0.455,0.733,-0.045,63.9,-0.50
황재균 (Jae-Gyun Hwang),10407,올시즌,2024,KT,36,3B,0.09,0.35,61,250,247,224,28,57,8,0,3,74,19,4,3,21,1,0,40,5,3,1,0.254,0.320,0.330,0.650,-0.037,70.3,0.44
김태군 (Tae-Kun Kim),10459,올시즌,2024,KIA,34,C,0.13,0.41,45,115,113,100,11,24,3,0,3,36,17,0,0,7,6,0,9,6,2,0,0.240,0.327,0.360,0.687,-0.026,78.5,0.53
박경수 (Kyeong-Su Park),10469,올시즌,2024,KT,39,2B,0.12,-0.03,5,3,3,3,2,2,1,0,0,3,1,0,0,0,0,0,1,0,0,0,0.667,0.667,1.000,1.667,0.359,370.7,0.10
박병호 (Byung-Ho Park),10470,올시즌,2024,삼성,37,1B,0.25,-0.45,54,163,163,137,15,31,2,0,6,51,18,1,0,22,4,0,49,9,0,0,0.226,0.350,0.372,0.722,-0.019,83.4,-0.21
오지환 (Ji-Hwan Oh),10475,올시즌,2024,LG,33,SS,0.85,0.51,54,198,197,168,31,40,16,1,2,64,16,11,3,27,2,0,58,2,1,0,0.238,0.350,0.381,0.731,0.002,99.7,1.36
오선진 (Sun-Jin Oh),10557,올시즌,2024,롯데,34,2B,-0.03,0.08,8,12,11,8,0,1,0,0,0,1,0,0,0,1,2,0,4,0,1,0,0.125,0.364,0.125,0.489,-0.057,58.4,0.06
김성현 (Sung-Hyun Kim),10636,올시즌,2024,,36,2B,0.12,0.37,19,66,65,56,10,13,2,0,0,15,5,1,0,5,4,0,8,2,1,0,0.232,0.338,0.268,0.606,-0.028,77.2,0.49
김헌곤 (Heon-Gon Kim),10640,올시즌,2024,삼성,35,RF,0.68,-0.30,50,121,120,111,18,35,6,0,4,53,16,1,1,8,1,0,24,1,1,0,0.315,0.367,0.477,0.844,0.021,113.5,0.38
김재환 (Jae-Hwan Kim),10643,올시즌,2024,두산,35,DH,1.60,-0.90,62,254,251,213,33,55,11,0,14,108,45,0,0,31,4,3,77,6,0,6,0.258,0.354,0.507,0.861,0.024,115.9,0.69
고종욱 (Jong-Wook Ko),10659,올시즌,2024,KIA,34,LF,0.20,-0.04,22,27,27,24,3,7,2,0,1,12,4,0,0,3,0,0,4,2,0,0,0.292,0.370,0.500,0.870,0.025,117.1,0.16
허도환 (Do-Hwan Heo),10684,올시즌,2024,LG,39,C,-0.09,-0.26,31,69,64,52,8,10,2,0,0,12,8,0,0,5,6,0,18,2,5,1,0.192,0.328,0.231,0.559,-0.060,56.1,-0.35
김민식 (Min-Sik Kim),10707,올시즌,2024,,34,C,0.23,0.11,12,32,32,25,1,6,3,0,0,9,3,0,0,7,0,0,7,1,0,0,0.240,0.406,0.360,0.766,0.034,124.0,0.34
유강남 (Kang-Nam Yoo),10753,올시즌,2024,롯데,31,C,-0.49,0.40,46,140,138,125,7,24,3,0,5,42,17,0,0,7,6,0,25,2,2,0,0.192,0.268,0.336,0.604,-0.064,50.4,-0.09
박승욱 (Seung-Wook Park),10804,올시즌,2024,롯데,31,SS,0.10,-0.55,58,154,154,140,19,37,6,0,3,52,14,1,4,10,4,0,36,2,0,0,0.264,0.331,0.371,0.702,-0.019,83.8,-0.45
최항 (Hang Choi),10810,올시즌,2024,롯데,29,2B,-0.49,0.17,35,83,83,75,4,16,2,0,0,18,6,0,0,8,0,0,19,2,0,0,0.213,0.289,0.240,0.529,-0.091,28.8,-0.32
한유섬 (Yu-Seom Han),10815,올시즌,2024,SSG,34,RF,0.51,-0.55,55,215,213,184,30,41,9,0,12,86,40,0,1,23,5,2,73,1,0,3,0.223,0.321,0.467,0.788,-0.019,83.5,-0.05
김준태 (Jun-Tae Kim),10835,올시즌,2024,KT,29,C,0.07,0.10,23,30,30,25,6,6,2,0,0,8,3,0,0,5,0,0,6,0,0,0,0.240,0.367,0.320,0.687,-0.012,88.6,0.17
신본기 (Bon-Ki Shin),10840,올시즌,2024,KT,34,SS,1.12,0.17,44,96,91,72,13,23,3,0,3,35,15,2,0,14,3,0,16,3,5,2,0.319,0.440,0.486,0.926,0.070,148.2,1.29
서건창 (Geon-Chang Seo),10855,올시즌,2024,KIA,34,1B,0.57,-0.11,45,119,119,98,20,26,6,0,1,35,10,3,1,19,1,0,13,1,0,1,0.265,0.387,0.357,0.744,0.003,100.6,0.46
김재현 (Jae-Hyun Kim),10870,올시즌,2024,넥센,30,C,-0.75,0.25,53,172,168,155,18,36,7,0,0,43,16,0,0,4,6,0,33,5,4,3,0.232,0.274,0.277,0.551,-0.082,37.2,-0.50
박세혁 (Se-Hyuk Park),10891,올시즌,2024,NC,33,C,0.36,0.02,36,72,69,61,4,17,5,0,0,22,4,1,0,7,1,0,20,2,3,0,0.279,0.362,0.361,0.723,0.005,102.0,0.38
구자욱 (Ja-Wook Koo),10892,올시즌,2024,삼성,30,LF,2.25,0.01,60,267,266,236,36,71,16,1,10,119,41,4,2,21,8,1,40,3,0,2,0.301,0.375,0.504,0.879,0.041,128.8,2.26
류지혁 (Ji-Hyeok Ryu),10894,올시즌,2024,삼성,29,2B,0.59,0.02,44,163,162,141,20,41,4,0,1,48,22,4,3,16,3,0,33,2,1,2,0.291,0.370,0.340,0.710,0.000,97.8,0.61
하주석 (Joo-Seok Ha),10913,올시즌,2024,한화,29,SS,-0.08,-0.10,16,55,54,50,2,13,4,0,0,17,4,1,2,3,1,0,15,0,1,0,0.260,0.315,0.340,0.655,-0.040,68.4,-0.18
강승호 (Seung-Ho Kang),11087,올시즌,2024,두산,29,2B,1.35,0.57,66,272,270,254,36,72,14,5,10,126,42,9,3,13,1,1,86,2,1,3,0.283,0.317,0.496,0.813,0.008,104.0,1.92
장승현 (Seung-Hyeon Jang),11097,올시즌,2024,두산,29,C,-0.11,0.09,9,23,22,20,1,4,2,0,0,6,0,0,1,2,0,0,5,0,1,0,0.200,0.273,0.300,0.573,-0.063,52.0,-0.03
김인태 (In-Tae Kim),11098,올시즌,2024,두산,29,LF,-0.23,-0.23,10,26,26,23,3,4,0,0,1,7,2,0,0,2,0,0,7,1,0,1,0.174,0.231,0.304,0.535,-0.125,3.0,-0.46
이우성 (Woo-Sung Lee),11099,올시즌,2024,KIA,29,1B,2.02,-1.18,59,244,244,214,43,68,8,0,8,100,39,5,1,27,2,0,49,7,0,1,0.318,0.398,0.467,0.865,0.038,127.2,0.84
한승택 (Seung-Taek Han),11119,올시즌,2024,KIA,29,C,0.01,-0.14,4,2,2,1,0,0,0,0,0,0,0,0,0,1,0,0,0,0,0,0,0.000,0.500,0.000,0.500,0.030,120.9,-0.12
박민우 (Min-Woo Park),11137,올시즌,2024,NC,30,2B,1.13,0.83,46,214,208,181,26,52,8,2,1,67,14,18,4,23,6,3,34,2,3,1,0.287,0.384,0.370,0.754,0.009,105.0,1.96
강진성 (Jin-Sung Kang),11148,올시즌,2024,,30,DH,-0.17,0.09,16,31,30,27,4,5,0,0,0,5,2,0,0,3,0,0,5,0,1,0,0.185,0.267,0.185,0.452,-0.083,37.4,-0.08
김성욱 (Seong-wook Kim),11153,올시즌,2024,NC,30,CF,0.48,0.28,61,227,226,195,31,41,6,1,9,76,34,6,1,19,11,0,40,4,1,1,0.210,0.314,0.390,0.704,-0.023,80.8,0.77
나성범 (Sung-Beom Na),11162,올시즌,2024,KIA,34,DH,0.22,-0.10,32,139,138,119,14,27,3,0,6,48,20,0,0,20,0,1,33,4,0,0,0.227,0.338,0.403,0.741,-0.019,83.5,0.13
노진혁 (Jin-Hyuk Roh),11165,올시즌,2024,롯데,34,SS,-0.63,-0.04,27,68,68,59,4,9,2,0,0,11,4,0,0,6,1,0,17,1,0,2,0.153,0.235,0.186,0.421,-0.116,9.8,-0.68
권희동 (Hui-Dong Kwon),11172,올시즌,2024,NC,33,LF,1.47,0.64,60,251,251,203,28,58,10,1,1,73,30,2,0,40,5,0,33,5,0,3,0.286,0.410,0.360,0.770,0.019,112.7,2.11
박해민 (Hae-Min Park),11190,올시즌,2024,LG,33,CF,0.63,0.36,65,261,258,227,35,64,6,4,1,81,28,25,5,20,4,0,44,2,3,7,0.282,0.341,0.357,0.698,-0.030,75.4,0.98
박계범 (Gye-Beom Park),11198,올시즌,2024,두산,27,2B,0.20,-0.62,24,20,20,15,5,3,1,0,0,4,0,1,0,5,0,0,7,2,0,0,0.200,0.400,0.267,0.667,0.027,118.2,-0.43
배정대 (Jeong-Dae Bae),11212,올시즌,2024,KT,28,CF,0.39,-0.03,32,144,144,125,15,34,9,1,1,48,13,4,4,15,0,0,34,1,0,4,0.272,0.340,0.384,0.724,-0.008,91.8,0.36
양석환 (Seok-Hwan Yang),11213,올시즌,2024,두산,32,1B,1.78,-0.85,66,274,274,245,39,60,13,0,16,121,49,3,2,25,3,0,58,11,0,1,0.245,0.321,0.494,0.815,0.025,117.2,0.93
장준원 (Jun-Won Jang),11214,올시즌,2024,KT,28,SS,-0.10,0.14,12,8,8,7,1,1,0,0,0,1,0,0,0,1,0,0,2,0,0,0,0.143,0.250,0.143,0.393,-0.128,0.7,0.03
채은성 (Eun-Seong Chae),11215,올시즌,2024,한화,33,1B,0.00,-0.37,45,187,187,169,22,39,7,0,5,61,29,1,1,14,2,0,34,3,0,2,0.231,0.294,0.361,0.655,-0.038,69.4,-0.37
임지열 (Ji-Yeol Lim),11225,올시즌,2024,키움,28,RF,-0.38,-0.42,21,55,55,47,4,5,0,0,1,8,5,0,0,7,0,0,16,2,0,1,0.106,0.218,0.170,0.388,-0.110,14.2,-0.81
임병욱 (Byeong-Wook Lim),11226,올시즌,2024,넥센,28,CF,0.03,-0.13,15,36,36,33,4,9,1,0,0,10,3,1,0,3,0,0,10,1,0,0,0.273,0.333,0.303,0.636,-0.049,60.8,-0.10
이창진 (Chang-Jin Lee),11233,올시즌,2024,KIA,32,RF,0.57,-0.45,51,108,105,79,16,20,4,0,0,24,6,2,1,23,1,0,18,2,3,2,0.253,0.419,0.304,0.723,0.007,103.3,0.12
김태진 (Tae-Jin Kim),11244,올시즌,2024,키움,28,2B,-0.13,0.12,14,26,26,25,3,6,1,0,0,7,1,0,0,1,0,1,1,0,0,0,0.240,0.269,0.280,0.549,-0.089,30.4,-0.02
강한울 (Han-Wool Kang),11255,올시즌,2024,삼성,32,3B,-0.43,0.07,18,25,22,21,1,2,0,0,0,2,1,0,0,0,0,0,6,1,3,1,0.095,0.091,0.095,0.186,-0.249,-68.4,-0.36
박찬호 (Chan-Ho Park),11261,올시즌,2024,KIA,28,SS,0.83,1.07,55,245,243,228,36,71,12,0,2,89,21,13,6,12,1,0,22,3,2,2,0.311,0.346,0.390,0.736,-0.004,95.0,1.90
김호령 (Ho-Ryeong Kim),11298,올시즌,2024,KIA,31,CF,-0.16,0.45,34,36,36,31,5,5,0,0,1,8,3,2,1,5,0,0,16,0,0,0,0.161,0.278,0.258,0.536,-0.086,32.6,0.29
황대인 (Dae-In Hwang),11306,올시즌,2024,KIA,27,1B,0.02,-0.04,3,7,7,7,1,2,1,0,0,3,3,0,0,0,0,0,1,0,0,0,0.286,0.286,0.429,0.715,-0.030,75.2,-0.02
안승한 (Seung-Han Ahn),11328,올시즌,2024,두산,31,C,-0.06,0.06,4,5,5,5,0,1,0,0,0,1,0,0,0,0,0,0,1,0,0,0,0.200,0.200,0.200,0.400,-0.145,-12.3,0.00
문상철 (Sang-Cheol Moon),11333,올시즌,2024,KT,32,1B,1.91,0.08,56,199,199,173,26,52,4,0,10,86,30,3,1,21,4,1,44,4,0,1,0.301,0.387,0.497,0.884,0.053,137.9,1.99
김태훈 (Tae-Hun Kim),11336,올시즌,2024,삼성,27,RF,0.01,0.16,9,16,16,15,2,4,1,0,0,5,1,0,0,0,1,0,2,1,0,0,0.267,0.313,0.333,0.646,-0.049,60.7,0.18
김민혁 (Min-Hyeok Kim),11339,올시즌,2024,KT,28,LF,0.43,-0.44,50,163,161,142,11,43,4,0,0,47,21,2,0,18,1,1,18,4,1,1,0.303,0.383,0.331,0.714,-0.008,92.4,0.00
송민섭 (Min-Seop Song),11342,올시즌,2024,KT,32,CF,-0.06,-0.02,5,1,1,1,1,0,0,0,0,0,0,0,1,0,0,0,0,0,0,0,0.000,0.000,0.000,0.000,-0.295,-126.1,-0.08
김재성 (Jae-Seong Kim),11344,올시즌,2024,삼성,27,C,-0.03,-0.10,10,23,23,20,3,4,1,0,0,5,1,0,0,3,0,0,5,1,0,0,0.200,0.304,0.250,0.554,-0.039,68.7,-0.12
안익훈 (Ik-Hun Ahn),11347,올시즌,2024,LG,27,RF,0.01,0.09,4,7,7,6,2,2,1,0,0,3,1,0,0,0,0,0,0,0,0,1,0.333,0.286,0.500,0.786,-0.026,78.0,0.10
송성문 (Sung-Moon Song),11376,올시즌,2024,키움,27,3B,2.26,0.49,59,225,225,195,29,65,10,2,8,103,42,1,0,23,1,0,24,2,0,6,0.333,0.396,0.528,0.924,0.055,139.9,2.75
오윤석 (Yoon-Seok Oh),11397,올시즌,2024,KT,31,2B,0.04,0.20,24,49,49,41,8,11,3,0,0,14,8,0,0,6,0,0,12,1,0,2,0.268,0.347,0.341,0.688,-0.033,73.1,0.24
이도윤 (Do-Yun Lee),11414,올시즌,2024,한화,27,SS,0.36,0.94,56,142,142,128,20,37,3,2,0,44,18,3,2,10,2,0,19,1,0,2,0.289,0.345,0.344,0.689,-0.011,89.4,1.30
전병우 (Byung-Woo Jeon),11422,올시즌,2024,삼성,31,3B,0.06,-0.02,8,20,20,17,1,4,2,0,0,6,1,0,0,2,1,0,8,0,0,0,0.235,0.350,0.353,0.703,-0.010,90.0,0.04
김웅빈 (Woong-Bin Kim),12503,올시즌,2024,키움,27,DH,-0.12,-0.01,6,18,17,13,1,1,0,0,0,1,1,0,0,3,1,0,6,0,1,0,0.077,0.294,0.077,0.371,-0.102,24.8,-0.13
이형종 (Hyeong-Jong Lee),12516,올시즌,2024,키움,34,RF,0.93,0.00,21,87,87,71,18,19,3,0,4,34,17,1,0,15,1,0,17,0,0,0,0.268,0.402,0.479,0.881,0.057,141.3,0.93
박준영 (Jun-Young Park),12522,올시즌,2024,두산,26,SS,0.35,0.54,34,118,117,99,16,21,5,1,4,40,14,0,0,15,2,0,32,0,1,1,0.212,0.325,0.404,0.729,-0.005,94.0,0.89
서예일 (Ye-Il Seo),12523,올시즌,2024,두산,30,3B,-0.09,0.02,15,14,14,14,1,4,0,0,0,4,1,0,0,0,0,0,3,0,0,0,0.286,0.286,0.286,0.572,-0.092,28.0,-0.06
조수행 (Su-Haeng Cho),12524,올시즌,2024,두산,30,LF,0.86,0.45,59,179,172,154,32,44,2,1,0,48,11,33,3,17,0,1,19,1,7,1,0.286,0.355,0.312,0.667,-0.021,82.8,1.31
최원준 (Won-Jun Choi),12534,올시즌,2024,KIA,26,CF,1.01,-0.03,61,228,226,206,27,60,13,2,3,86,26,13,6,18,2,0,35,5,2,0,0.291,0.354,0.417,0.771,0.006,102.6,0.98
이진영 (Jin-Young Lee),12539,올시즌,2024,한화,26,CF,-0.09,0.10,23,63,63,55,9,11,4,0,0,15,8,0,0,6,2,0,18,1,0,0,0.200,0.302,0.273,0.575,-0.065,49.0,0.01
김규성 (Kyu-Sung Kim),12540,올시즌,2024,KIA,26,SS,0.12,-0.19,6,4,4,2,1,1,1,0,0,2,2,0,0,2,0,0,1,0,0,0,0.500,0.750,1.000,1.750,0.317,339.0,-0.07
김주성 (Ju-Sung Kim),12545,올시즌,2024,LG,25,3B,-0.02,0.04,2,1,1,1,0,0,0,0,0,0,0,0,0,0,0,0,0,0,0,0,0.000,0.000,0.000,0.000,-0.295,-126.1,0.02
홍창기 (Chang-Ki Hong),12546,올시즌,2024,LG,30,RF,3.08,-0.02,62,284,283,220,49,73,4,3,3,92,33,7,5,55,6,2,40,5,1,2,0.332,0.473,0.418,0.891,0.069,150.0,3.06
김동엽 (Dong-Yub Kim),12548,올시즌,2024,삼성,33,DH,-0.01,0.00,6,14,13,11,1,2,1,0,0,3,2,0,0,1,1,1,5,0,0,1,0.182,0.286,0.273,0.559,-0.041,69.1,-0.01
김기연 (Ki-Yeon Kim),12549,올시즌,2024,두산,26,C,0.22,0.27,34,100,100,91,13,25,5,0,2,36,9,0,2,7,2,0,17,3,0,0,0.275,0.340,0.396,0.736,-0.003,95.5,0.49
도태훈 (Tae-Hun Do),12560,올시즌,2024,NC,30,2B,0.13,0.19,40,75,73,57,6,12,3,0,0,15,6,0,0,11,4,0,13,2,2,1,0.211,0.370,0.263,0.633,-0.016,86.2,0.32
이성규 (Sung-Gyu Lee),12562,올시즌,2024,삼성,30,RF,0.96,0.68,60,156,152,129,22,32,5,0,10,67,27,6,0,12,9,0,43,2,4,2,0.248,0.349,0.519,0.868,0.016,109.7,1.63
장진혁 (Jin-Hyuk Jang),12583,올시즌,2024,한화,30,CF,0.03,-0.17,22,66,65,60,14,13,2,0,2,21,10,5,1,4,1,0,19,1,1,0,0.217,0.277,0.350,0.627,-0.044,65.2,-0.14
김태연 (Tae-Yeon Kim),12585,올시즌,2024,한화,26,1B,1.13,-0.37,49,175,174,149,21,46,8,0,6,72,28,2,2,21,2,0,29,2,1,2,0.309,0.397,0.483,0.880,0.032,122.5,0.76
박상언 (Sang-Un Park),12587,올시즌,2024,한화,26,C,0.39,0.18,25,50,50,40,4,12,3,0,0,15,4,1,0,9,1,0,11,0,0,0,0.300,0.440,0.375,0.815,0.035,124.6,0.57
김인환 (In-Hwan Kim),12589,올시즌,2024,한화,29,1B,-0.12,-0.08,3,4,4,4,0,0,0,0,0,0,0,0,0,0,0,0,2,0,0,0,0.000,0.000,0.000,0.000,-0.306,-134.0,-0.20
홍성호 (Sung-Ho Hong),12606,올시즌,2024,두산,26,1B,0.10,0.06,13,13,13,12,0,4,2,0,0,6,1,1,0,1,0,0,5,0,0,0,0.333,0.385,0.500,0.885,0.051,137.0,0.16
안상현 (Sang-Hyun Ahn),12613,올시즌,2024,SSG,26,2B,-0.52,0.10,28,68,67,63,2,11,1,0,0,12,2,1,1,4,0,0,14,0,1,0,0.175,0.224,0.190,0.414,-0.123,6.3,-0.42
김찬형 (Chan-Hyung Kim),12622,올시즌,2024,,26,2B,-0.28,-0.01,5,9,9,9,0,0,0,0,0,0,0,0,0,0,0,0,4,0,0,0,0.000,0.000,0.000,0.000,-0.315,-141.4,-0.29
전준호 (Jun-Ho Jeon),12864,올시즌,2024,LG,25,C,-0.03,-0.01,3,1,1,1,0,0,0,0,0,0,0,0,0,0,0,0,1,0,0,0,0.000,0.000,0.000,0.000,-0.316,-142.0,-0.03
박정우 (Jeong-Woo Park),12869,올시즌,2024,KIA,25,CF,-0.25,0.12,13,12,12,11,1,2,0,0,0,2,0,0,0,1,0,0,2,2,0,0,0.182,0.250,0.182,0.432,-0.123,4.4,-0.14
이유찬 (Yu-Chan Lee),12894,올시즌,2024,두산,25,3B,0.61,0.56,39,65,65,57,15,20,3,0,1,26,7,5,4,7,1,0,10,2,0,0,0.351,0.431,0.456,0.887,0.070,151.3,1.18
김수윤 (Su-Yun Kim),12903,올시즌,2024,NC,25,1B,0.03,0.01,5,7,7,6,0,2,0,0,0,2,0,0,0,1,0,0,3,0,0,0,0.333,0.429,0.333,0.762,0.019,112.8,0.03
김혜성 (Hye-Sung Kim),12905,올시즌,2024,키움,24,2B,2.21,1.25,53,239,238,214,39,69,8,1,8,103,34,17,2,19,4,1,22,2,0,2,0.322,0.385,0.481,0.866,0.038,127.1,3.46
이정훈 (Jeong-Hun Lee),12916,올시즌,2024,롯데,29,DH,0.26,-0.18,18,52,52,43,5,12,3,0,0,15,11,0,0,8,0,0,12,3,0,1,0.279,0.385,0.349,0.734,0.011,106.1,0.08
박성한 (Sung-Han Park),12922,올시즌,2024,SSG,25,SS,0.59,0.52,62,271,268,237,32,65,11,0,3,85,26,7,2,30,1,1,34,5,2,1,0.274,0.357,0.359,0.716,-0.015,87.0,1.12
김민수 (Min-Su Kim),12931,올시즌,2024,LG,25,3B,0.01,-0.05,5,5,5,4,0,1,0,0,0,1,0,0,0,1,0,0,1,0,0,0,0.250,0.400,0.250,0.650,-0.017,84.9,-0.04
김성윤 (Seong-Yun Kim),12936,올시즌,2024,삼성,24,CF,-0.21,0.00,28,77,74,63,13,14,2,0,0,16,6,3,1,8,1,0,15,1,3,2,0.222,0.311,0.254,0.565,-0.066,49.8,-0.21
홍현빈 (Hyun-Bin Hong),12941,올시즌,2024,KT,26,CF,-0.01,-0.13,4,3,3,2,0,0,0,0,0,0,0,0,0,1,0,0,2,0,0,0,0.000,0.333,0.000,0.333,-0.092,28.0,-0.14
조용호 (Yong-Ho Cho),12943,올시즌,2024,KT,34,RF,-0.32,-0.39,50,142,139,129,15,31,4,0,0,35,10,5,0,10,0,0,22,5,3,0,0.240,0.295,0.271,0.566,-0.068,47.8,-0.71
김민혁 (Min-Hyeok Kim),12970,올시즌,2024,두산,27,DH,0.20,0.02,5,8,8,5,1,1,0,0,1,4,2,0,0,3,0,0,3,0,0,0,0.200,0.500,0.800,1.300,0.219,264.2,0.23
안주형 (Joo-Hyung An),12988,올시즌,2024,삼성,30,2B,0.25,-0.39,16,50,48,45,5,13,2,0,0,15,3,2,1,3,0,0,8,1,2,0,0.289,0.333,0.333,0.666,-0.007,93.2,-0.14
로하스 (Mel Rojas Jr),12995,올시즌,2024,KT,33,LF,3.70,-0.02,63,293,291,243,50,74,18,0,16,140,51,0,1,44,5,3,56,5,0,1,0.305,0.420,0.576,0.996,0.087,163.5,3.69
안치영 (Chi-Young An),13006,올시즌,2024,KT,25,CF,-0.21,0.07,31,48,46,44,12,11,0,0,0,11,3,0,1,2,0,0,12,0,2,0,0.250,0.283,0.250,0.533,-0.082,38.5,-0.14
신민재 (Min-Jae Shin),13056,올시즌,2024,LG,27,2B,0.70,0.09,63,211,205,173,34,43,5,1,0,50,20,20,5,30,1,0,23,4,6,1,0.249,0.361,0.289,0.650,-0.024,80.0,0.79
전민재 (Min-Jae Jeon),13073,올시즌,2024,두산,24,SS,-0.02,-0.18,44,111,111,105,16,30,3,0,2,39,12,2,2,4,1,0,22,3,0,1,0.286,0.315,0.371,0.686,-0.026,78.3,-0.20
김형준 (Hyung-Jun Kim),13081,올시즌,2024,NC,24,C,0.36,0.58,53,206,202,172,22,38,8,0,10,76,29,0,0,26,2,0,67,4,4,2,0.221,0.327,0.442,0.769,-0.014,87.5,0.94
오영수 (Young-Soo Oh),13082,올시즌,2024,NC,23,1B,0.08,0.12,20,34,34,30,4,6,0,0,3,15,5,0,0,2,1,0,6,0,0,1,0.200,0.265,0.500,0.765,-0.017,85.4,0.20
예진원 (Jin-Won Ye),13093,올시즌,2024,키움,24,CF,-0.11,-0.53,22,21,21,19,2,4,1,0,0,5,0,0,0,2,0,0,8,1,0,0,0.211,0.286,0.263,0.549,-0.087,32.2,-0.63
송찬의 (Chan-Eui Song),13109,올시즌,2024,LG,24,DH,-0.02,0.01,3,4,4,3,1,0,0,0,0,0,0,0,0,0,1,0,2,0,0,0,0.000,0.250,0.000,0.250,-0.146,-12.6,-0.01
문성주 (Sung-Ju Moon),13112,올시즌,2024,LG,26,LF,2.10,0.34,65,254,253,210,34,70,13,2,0,87,38,11,7,38,2,0,26,2,1,3,0.333,0.435,0.414,0.849,0.044,131.6,2.44
한준수 (Jun-Soo Han),13113,올시즌,2024,KIA,24,C,0.32,0.30,49,134,134,120,14,36,7,0,3,52,18,0,0,8,2,0,24,2,0,4,0.300,0.343,0.433,0.776,-0.001,97.4,0.63
최준우 (Jun-Woo Choi),13128,올시즌,2024,SSG,24,2B,0.26,-0.02,15,31,31,23,2,6,2,0,0,8,5,0,0,8,0,0,7,0,0,0,0.261,0.452,0.348,0.800,0.046,133.2,0.24
정은원 (Eun-Won Jung),13137,올시즌,2024,한화,23,LF,-0.11,0.17,27,78,77,64,10,11,3,1,1,19,6,2,0,13,0,0,16,0,1,0,0.172,0.312,0.297,0.609,-0.051,59.9,0.06
이원석 (Won-Seok Lee),13138,올시즌,2024,한화,24,CF,-0.18,0.15,22,9,9,8,3,2,0,0,0,2,1,2,0,1,0,0,4,1,0,0,0.250,0.333,0.250,0.583,-0.065,48.6,-0.03
한동희 (Dong-Hee Han),13145,올시즌,2024,롯데,24,DH,-0.29,-0.31,14,36,36,35,1,9,2,0,0,11,3,0,0,1,0,1,9,1,0,0,0.257,0.278,0.314,0.592,-0.084,34.3,-0.60
이호연 (Ho-Yeon Lee),13151,올시즌,2024,KT,28,3B,-0.33,-0.10,17,25,25,24,2,4,0,0,0,4,0,0,0,1,0,0,7,2,0,0,0.167,0.200,0.167,0.367,-0.160,-23.3,-0.42
정보근 (Bo-Keun Jeong),13154,올시즌,2024,롯데,24,C,-0.46,-0.03,30,61,60,59,1,13,0,1,0,15,2,0,0,1,0,0,12,3,1,0,0.220,0.233,0.254,0.487,-0.108,17.3,-0.49
장두성 (Du-Seong Jang),13155,올시즌,2024,롯데,24,CF,-0.06,0.11,24,17,17,13,8,2,0,0,0,2,0,7,2,2,2,0,5,0,0,0,0.154,0.353,0.154,0.507,-0.068,46.3,0.05
공민규 (Min-Kyu Kong),13164,올시즌,2024,삼성,24,3B,-0.04,-0.12,11,16,16,13,1,1,0,0,1,4,2,0,0,1,2,0,8,1,0,0,0.077,0.250,0.308,0.558,-0.072,43.2,-0.17
강백호 (Baek-Ho Kang),13168,올시즌,2024,KT,24,DH,2.96,-0.56,63,286,285,264,47,85,14,0,18,153,57,4,2,19,1,2,52,2,0,2,0.322,0.367,0.580,0.947,0.063,145.7,2.40
조대현 (Dae-Hyun Cho),13177,올시즌,2024,KT,24,C,0.18,0.06,8,10,9,6,0,3,0,0,0,3,1,0,0,3,0,0,2,0,1,0,0.500,0.667,0.500,1.167,0.191,228.6,0.23
변상권 (Sang-Kwon Byun),13223,올시즌,2024,키움,26,LF,-0.07,0.28,34,97,97,89,5,23,1,0,2,30,11,0,0,7,0,0,22,3,0,1,0.258,0.309,0.337,0.646,-0.038,69.3,0.20
한석현 (Seok-Hyun Han),13250,올시즌,2024,NC,29,RF,-0.03,-0.11,15,22,22,20,3,5,0,0,0,5,2,1,0,1,1,0,6,2,0,0,0.250,0.318,0.250,0.568,-0.070,44.9,-0.15
천재환 (Jae-Hwan Cheon),13261,올시즌,2024,NC,29,CF,0.24,-0.72,33,53,51,46,8,13,2,1,1,20,8,3,0,3,2,0,8,3,2,0,0.283,0.353,0.435,0.788,-0.006,93.6,-0.49
이학주 (Hak-Ju Lee),14114,올시즌,2024,롯데,33,SS,0.20,-0.30,37,102,100,93,13,25,2,2,2,37,4,0,1,6,1,0,42,0,2,0,0.269,0.320,0.398,0.718,-0.012,89.0,-0.10
양우현 (Woo-Hyun Yang),14116,올시즌,2024,삼성,23,2B,-0.18,0.18,3,11,10,9,0,0,0,0,0,0,1,0,0,1,0,0,4,0,1,0,0.000,0.100,0.000,0.100,-0.248,-73.2,0.00
이병헌 (Byung-Heon Lee),14117,올시즌,2024,삼성,24,C,0.07,0.29,41,87,86,75,3,21,3,0,1,27,6,0,0,9,2,0,28,0,1,0,0.280,0.372,0.360,0.732,-0.017,85.2,0.36
변우혁 (Woo-Hyuk Byun),14124,올시즌,2024,KIA,23,1B,0.05,-0.24,11,26,26,25,2,7,1,2,0,12,1,0,0,1,0,0,9,3,0,0,0.280,0.308,0.480,0.788,-0.018,84.4,-0.19
노시환 (Si-Hwan Roh),14125,올시즌,2024,한화,23,3B,1.89,0.56,62,278,274,250,43,71,6,1,16,127,48,3,0,26,2,6,55,5,0,0,0.284,0.356,0.508,0.864,0.028,119.0,2.45
유로결 (Ro-Kyeol Yoo),14126,올시즌,2024,한화,23,LF,-0.07,-0.09,5,13,13,11,2,2,0,0,0,2,1,0,1,2,0,0,2,1,0,0,0.182,0.308,0.182,0.490,-0.088,30.9,-0.16
주성원 (Seong-Won Joo),14133,올시즌,2024,키움,23,RF,0.08,0.05,20,48,47,43,7,10,1,0,1,14,5,0,0,4,0,0,14,2,1,0,0.233,0.298,0.326,0.624,-0.034,72.6,0.13
문보경 (Bo-Gyeong Moon),14137,올시즌,2024,LG,23,3B,0.86,-1.28,65,255,252,216,29,56,10,1,7,89,35,3,5,30,0,2,45,7,1,8,0.259,0.339,0.412,0.751,-0.001,96.9,-0.42
구본혁 (Bon-Hyuk Koo),14140,올시즌,2024,LG,26,SS,0.50,1.07,57,162,161,141,24,40,7,0,2,53,27,2,2,16,1,0,14,3,1,3,0.284,0.354,0.376,0.730,-0.008,92.0,1.56
김창평 (Chang-Pyeong Kim),14146,올시즌,2024,,23,DH,-0.09,0.02,6,9,9,7,1,0,0,0,0,0,0,1,0,2,0,0,4,0,0,0,0.000,0.222,0.000,0.222,-0.167,-28.9,-0.07
최경모 (Kyeong-Mo Choi),14151,올시즌,2024,SSG,27,2B,0.04,0.19,46,47,40,32,10,6,0,0,0,6,0,6,2,8,0,0,6,1,7,0,0.188,0.350,0.188,0.538,-0.041,71.1,0.22
고승민 (Seung-Min Go),14160,올시즌,2024,롯데,23,2B,1.64,-0.13,41,171,171,148,22,46,11,1,3,68,29,4,2,20,1,0,30,3,0,2,0.311,0.392,0.459,0.851,0.045,132.5,1.51
신윤후 (Yoon-Hoo Shin),14169,올시즌,2024,롯데,27,RF,-0.11,0.44,16,24,23,21,3,3,0,0,0,3,1,0,0,1,1,0,3,1,1,0,0.143,0.217,0.143,0.360,-0.116,13.9,0.33
김대한 (Dae-Han Kim),14170,올시즌,2024,두산,23,RF,-0.56,-0.04,42,72,70,60,8,8,1,0,0,9,5,1,1,8,1,0,21,1,2,1,0.133,0.243,0.150,0.393,-0.118,11.3,-0.60
김태근 (Tae-Geun Kim),14175,올시즌,2024,두산,27,LF,-0.39,-0.25,24,20,19,17,3,2,0,0,0,2,1,0,1,0,2,0,7,0,1,0,0.118,0.211,0.118,0.329,-0.159,-16.4,-0.64
최승민 (Seung-Min Choi),14187,올시즌,2024,LG,27,LF,-0.19,0.18,29,6,6,6,9,1,0,0,0,1,0,8,6,0,0,0,1,0,0,0,0.167,0.167,0.167,0.334,-0.178,-36.8,-0.01
박준형 (Jun-Hyeong Park),14211,올시즌,2024,키움,24,C,-0.13,-0.14,4,5,5,5,0,0,0,0,0,0,0,0,0,0,0,0,3,0,0,0,0.000,0.000,0.000,0.000,-0.314,-140.6,-0.27
김주형 (Joo-Hyeong Kim),14214,올시즌,2024,키움,27,SS,0.05,0.17,10,6,6,4,0,1,0,0,0,1,1,0,0,1,1,0,2,0,0,0,0.250,0.500,0.250,0.750,0.044,131.2,0.22
서호철 (Ho-Cheol Seo),14220,올시즌,2024,NC,27,3B,1.26,-0.48,61,256,255,222,26,68,7,0,3,84,30,1,2,21,10,0,47,10,1,2,0.306,0.388,0.378,0.766,0.015,109.4,0.78
최정원 (Jeong-Won Choi),14221,올시즌,2024,NC,23,2B,0.20,0.01,37,85,84,68,16,18,2,0,0,20,8,4,3,12,3,0,19,1,1,1,0.265,0.393,0.294,0.687,-0.015,87.0,0.21
박주홍 (Ju-Hong Park),14580,올시즌,2024,키움,22,LF,-0.12,0.00,2,6,6,5,0,0,0,0,0,0,0,0,0,1,0,0,1,0,0,0,0.000,0.167,0.000,0.167,-0.202,-55.4,-0.12
류효승 (Hyo-Seung Ryu),14586,올시즌,2024,SSG,27,DH,-0.06,0.01,1,2,2,2,0,0,0,0,0,0,0,0,0,0,0,0,0,0,0,0,0.000,0.000,0.000,0.000,-0.314,-140.8,-0.06
최지훈 (Ji-Hoon Choi),14587,올시즌,2024,SSG,26,CF,1.27,0.25,62,286,284,250,45,67,9,4,3,93,22,20,2,32,1,0,43,5,2,1,0.268,0.352,0.372,0.724,-0.005,94.0,1.53
손호영 (Ho-Young Son),14590,올시즌,2024,롯데,29,3B,1.35,-0.26,34,127,126,119,20,39,9,2,5,67,24,6,4,4,3,0,24,2,1,0,0.328,0.365,0.563,0.928,0.062,144.7,1.09
이주형 (Ju-Hyeong Lee),14591,올시즌,2024,키움,22,DH,0.98,0.17,32,145,144,129,24,39,7,1,3,57,16,0,0,14,2,1,33,1,0,0,0.302,0.379,0.442,0.821,0.023,115.5,1.15
천성호 (Seong-Ho Cheon),14606,올시즌,2024,KT,26,2B,0.89,-0.80,59,228,227,209,38,62,8,3,1,79,17,7,0,16,1,0,37,5,1,1,0.297,0.348,0.378,0.726,-0.005,94.0,0.08
박민 (Min Park ),14611,올시즌,2024,KIA,22,SS,0.05,0.05,7,13,13,13,2,4,2,0,0,6,1,0,0,0,0,0,4,0,0,0,0.308,0.308,0.462,0.770,-0.009,91.1,0.10
홍종표 (Jong-Pyo Hong),14612,올시즌,2024,KIA,23,SS,0.34,-0.24,32,52,51,45,9,15,3,1,0,20,5,1,2,5,1,0,14,0,1,0,0.333,0.412,0.444,0.856,0.036,124.5,0.10
김지찬 (Ji-Chan Kim),14618,올시즌,2024,삼성,22,CF,1.38,0.29,62,249,244,211,39,62,9,0,1,74,15,19,1,26,6,0,15,3,5,1,0.294,0.385,0.351,0.736,0.000,98.1,1.67
황성빈 (Seong-Bin Hwang),14642,올시즌,2024,롯데,26,LF,1.58,0.11,45,117,116,103,36,35,0,3,4,53,10,22,1,13,0,0,16,1,1,0,0.340,0.414,0.515,0.929,0.059,142.5,1.69
박영빈 (Young-Bin Park),14661,올시즌,2024,NC,26,LF,0.05,0.02,6,3,3,3,1,1,1,0,0,2,0,2,0,0,0,0,2,0,0,0,0.333,0.333,0.667,1.000,0.058,141.7,0.07
김태우 (Tae-Woo Kim),14675,올시즌,2024,LG,26,2B,-0.09,-0.08,4,3,3,3,0,0,0,0,0,0,0,0,0,0,0,0,2,0,0,0,0.000,0.000,0.000,0.000,-0.309,-136.7,-0.17
전의산 (Ui-San Jeon),14699,올시즌,2024,SSG,23,1B,-0.49,-0.26,16,35,35,32,1,3,0,0,1,6,2,0,0,3,0,0,9,1,0,0,0.094,0.171,0.188,0.359,-0.176,-36.0,-0.75
임종찬 (Jong-Chan Lim),14706,올시즌,2024,한화,22,CF,-0.17,-0.11,21,60,60,54,8,8,3,2,0,15,7,0,1,5,1,0,17,2,0,0,0.148,0.233,0.278,0.511,-0.078,38.8,-0.28
최인호 (In-Ho Choi),14707,올시즌,2024,한화,23,LF,0.93,0.51,59,188,184,160,27,41,10,2,1,58,15,2,0,20,2,0,28,1,4,2,0.256,0.342,0.363,0.705,0.010,105.2,1.44
김한별 (Han-Byul Kim),14716,올시즌,2024,NC,22,SS,0.21,-0.16,18,31,31,27,6,10,1,0,0,11,2,0,0,1,3,0,7,0,0,0,0.370,0.452,0.407,0.859,0.043,130.5,0.05
김주원 (Ju-Won Kim),14765,올시즌,2024,NC,21,SS,0.17,1.85,61,215,209,175,25,35,6,1,4,55,22,8,1,23,10,0,56,1,6,1,0.200,0.325,0.314,0.639,-0.037,71.1,2.02
김건형 (Geon-Hyeong Kim),14779,올시즌,2024,KT,27,RF,-0.11,-0.02,9,22,22,21,1,3,1,0,0,4,1,0,0,1,0,0,8,0,0,0,0.143,0.182,0.190,0.372,-0.082,35.4,-0.13
김휘집 (Whee-Jip Kim),14785,올시즌,2024,NC,21,SS,0.00,0.20,60,227,224,200,28,45,9,1,6,74,27,0,0,19,3,1,55,10,2,3,0.225,0.298,0.370,0.668,-0.034,72.2,0.20
손성빈 (Seong-Bin Son),14796,올시즌,2024,롯데,21,C,0.14,0.16,18,31,31,27,7,5,0,1,2,13,4,0,0,4,0,0,7,1,0,0,0.185,0.290,0.481,0.771,-0.005,94.2,0.30
나승엽 (Seung-Yeop Na),14797,올시즌,2024,롯데,21,1B,0.69,0.00,37,138,138,121,17,36,8,3,1,53,12,0,0,15,0,0,33,0,0,2,0.298,0.370,0.438,0.808,0.011,106.3,0.69
조형우 (Hyeong-Woo Cho),14806,올시즌,2024,SSG,21,C,-0.03,-0.18,14,33,33,28,4,7,0,0,0,7,4,0,0,1,4,0,4,0,0,0,0.250,0.364,0.250,0.614,-0.041,66.9,-0.21
고명준 (Myeong-Jun Ko),14807,올시즌,2024,SSG,21,1B,0.15,0.29,59,209,209,196,19,51,8,0,6,77,28,1,4,12,1,0,52,3,0,0,0.260,0.306,0.393,0.699,-0.025,79.0,0.44
이주찬 (Ju-Chan Lee),14819,올시즌,2024,롯데,25,3B,0.07,-0.45,14,24,24,23,6,4,1,0,1,8,2,0,0,1,0,0,9,1,0,0,0.174,0.208,0.348,0.556,-0.020,82.5,-0.37
김시앙 (Si-Ang Kim),14851,올시즌,2024,키움,22,C,-0.11,0.06,6,7,7,7,1,1,0,0,0,1,0,0,0,0,0,0,1,0,0,0,0.143,0.143,0.143,0.286,-0.210,-61.7,-0.05
김동진 (Dong-Jin Kim),14863,올시즌,2024,삼성,27,2B,-0.27,0.13,13,16,15,14,2,1,0,0,0,1,0,0,0,1,0,0,5,0,1,0,0.071,0.133,0.071,0.204,-0.223,-60.5,-0.14
김현준 (Hyun-Jun Kim),14867,올시즌,2024,삼성,21,RF,-0.74,0.40,32,89,88,78,9,12,6,1,0,20,6,0,0,6,2,0,25,4,1,2,0.154,0.227,0.256,0.483,-0.111,14.7,-0.34
추신수 (Shin-Soo Choo),14888,올시즌,2024,SSG,41,DH,0.22,-0.07,21,82,81,61,11,15,2,0,1,20,8,4,1,14,3,0,20,0,1,3,0.246,0.395,0.328,0.723,-0.012,89.2,0.15
소크라테스 (Sócrates Orel Brito),14996,올시즌,2024,KIA,31,LF,1.17,-1.37,63,262,261,245,32,67,10,1,12,115,42,4,0,13,2,2,41,4,0,2,0.273,0.313,0.469,0.782,0.007,102.9,-0.20
라모스 (Henry Ramos),15000,올시즌,2024,두산,31,RF,2.27,-0.54,53,230,229,205,29,66,14,3,7,107,41,2,1,17,1,0,33,2,1,6,0.322,0.367,0.522,0.889,0.061,143.8,1.73
이재현 (Jae-Hyeon Lee),15034,올시즌,2024,삼성,20,SS,0.75,0.17,35,145,144,129,24,39,9,0,4,60,20,1,0,15,0,1,27,1,0,1,0.302,0.372,0.465,0.837,0.011,106.5,0.92
김영웅 (Yeong-Woong Kim),15035,올시즌,2024,삼성,20,SS,1.51,1.08,62,261,260,224,33,61,9,1,13,111,36,6,1,32,2,0,77,2,1,2,0.272,0.365,0.496,0.861,0.014,108.9,2.58
김재혁 (Jae-Hyeok Kim),15036,올시즌,2024,삼성,24,1B,-0.17,0.21,21,44,44,40,5,7,2,1,0,11,6,2,2,2,0,0,15,2,0,2,0.175,0.205,0.275,0.480,-0.093,27.5,0.05
윤동희 (Dong-Hee Yoon),15048,올시즌,2024,롯데,20,CF,1.10,-0.11,57,242,241,216,47,65,17,1,2,90,23,4,2,22,1,0,40,3,1,2,0.301,0.365,0.417,0.782,0.005,101.9,1.00
김도영 (Do-Yeong Kim),15056,올시즌,2024,KIA,20,3B,3.51,0.48,61,272,270,246,55,85,9,3,16,148,41,21,2,18,3,1,50,1,1,4,0.346,0.391,0.602,0.993,0.073,153.1,4.00
최원영 (Won-Young Choi ),15084,올시즌,2024,LG,20,LF,-0.02,0.08,21,10,10,9,3,3,0,0,0,3,2,4,3,0,1,0,1,0,0,0,0.333,0.400,0.333,0.733,0.001,98.5,0.06
안현민 (Hyeon-Min Ahn),15092,올시즌,2024,KT,20,LF,-0.06,0.01,3,3,3,3,0,0,0,0,0,0,0,0,0,0,0,0,1,0,0,0,0.000,0.000,0.000,0.000,-0.324,-148.0,-0.05
김병준 (Byeong-Jun Kim),15097,올시즌,2024,KT,20,CF,0.14,0.11,25,13,13,11,7,3,0,0,0,3,0,0,0,2,0,0,2,0,0,0,0.273,0.385,0.273,0.658,0.033,123.3,0.25
박수종 (Soo-Jong Park),15132,올시즌,2024,키움,24,CF,-0.46,-0.28,26,61,60,54,7,10,0,0,0,10,3,0,0,5,1,0,5,1,1,0,0.185,0.267,0.185,0.452,-0.099,24.1,-0.75
이상혁 (Sang-Hyeok Lee),15139,올시즌,2024,한화,22,RF,-0.01,0.04,6,2,2,2,1,0,0,0,0,0,0,2,0,0,0,0,0,0,0,0,0.000,0.000,0.000,0.000,-0.328,-151.0,0.03
김민석 (Min-Suk Kim),15253,올시즌,2024,롯데,19,LF,-0.14,-0.19,25,74,73,68,7,15,3,1,0,20,6,2,1,2,3,0,17,4,1,0,0.221,0.274,0.294,0.568,-0.061,52.1,-0.34
문현빈 (Hyun-Bin Moon),15422,올시즌,2024,한화,19,2B,-0.16,-0.71,50,162,161,147,20,36,5,1,4,55,20,1,4,13,0,0,34,7,1,1,0.245,0.304,0.374,0.678,-0.047,62.9,-0.87
정대선 (Dae-Seon Jung),15443,올시즌,2024,롯데,19,2B,-0.07,0.10,3,2,2,2,0,0,0,0,0,0,0,0,0,0,0,0,2,0,0,0,0.000,0.000,0.000,0.000,-0.316,-142.0,0.03
박한결 (Han-Gyeol Park ),15451,올시즌,2024,NC,19,LF,0.29,-0.11,7,22,22,20,5,5,1,0,4,18,4,0,0,2,0,0,5,0,0,0,0.250,0.318,0.900,1.218,0.114,184.9,0.18
김건희 (Geon-Hee Kim),15472,올시즌,2024,키움,19,C,0.48,0.04,13,41,41,35,4,14,1,0,1,18,6,0,0,5,0,0,8,2,0,1,0.400,0.463,0.514,0.977,0.077,156.8,0.52
김동헌 (Dong-Heon Kim),15473,올시즌,2024,키움,19,C,0.01,-0.14,2,7,7,5,0,1,0,0,0,1,1,0,0,1,1,0,0,0,0,0,0.200,0.429,0.200,0.629,-0.003,95.6,-0.13
이승원 (Seung-Won Lee),15476,올시즌,2024,키움,19,SS,-0.12,-0.01,3,5,4,4,0,0,0,0,0,0,0,0,0,0,0,0,2,0,1,0,0.000,0.000,0.000,0.000,-0.322,-97.2,-0.12
박성빈 (Sung-Bin Park),15479,올시즌,2024,키움,19,C,-0.12,0.06,6,9,9,8,0,1,0,0,0,1,0,0,0,1,0,0,2,0,0,0,0.125,0.222,0.125,0.347,-0.155,-19.4,-0.06
김범석 (Beom-Seok Kim),15484,올시즌,2024,LG,19,DH,0.49,-0.10,34,109,108,98,11,28,2,0,5,45,19,0,0,10,1,2,29,1,0,0,0.286,0.358,0.459,0.817,0.008,103.7,0.39
김재상 (Jae-Sang Kim),15499,올시즌,2024,삼성,19,2B,-0.20,0.28,35,91,90,84,13,20,4,0,2,30,12,4,0,5,0,0,23,0,1,1,0.238,0.278,0.357,0.635,-0.074,42.8,0.09
류승민 (Seung-Min Ryu),15503,올시즌,2024,삼성,19,RF,0.03,0.09,5,3,3,1,1,0,0,0,0,0,0,0,0,2,0,0,1,0,0,0,0.000,0.667,0.000,0.667,0.132,198.0,0.12
윤준호 (Jun-Ho Yoon),15512,올시즌,2024,두산,23,C,-0.02,-0.08,3,4,4,4,1,1,0,0,0,1,1,0,0,0,0,0,1,0,0,0,0.250,0.250,0.250,0.500,-0.112,13.0,-0.10
정준영 (Jun-Young Jung),15519,올시즌,2024,KT,19,RF,0.00,-0.22,12,20,19,16,3,3,0,0,0,3,0,0,0,3,0,0,5,0,1,0,0.188,0.316,0.188,0.504,-0.035,72.5,-0.22
에레디아 (Guillermo Heredia Molina),15530,올시즌,2024,SSG,32,LF,2.62,-0.28,59,252,249,227,37,86,12,0,8,122,46,3,3,14,7,3,29,5,0,4,0.379,0.425,0.537,0.962,0.066,147.4,2.34
오스틴 (Austin James Dean),15532,올시즌,2024,LG,30,1B,3.00,-0.80,64,278,276,232,40,71,13,1,13,125,52,8,2,34,3,3,43,3,0,9,0.306,0.388,0.539,0.927,0.073,153.4,2.20
서동욱 (Dong-Wook Seo),15624,올시즌,2024,롯데,23,C,-0.02,0.01,5,6,6,5,1,1,0,0,0,1,0,0,0,0,1,0,1,0,0,0,0.200,0.333,0.200,0.533,-0.074,41.7,-0.01
김동혁 (Kim Donghyeok),15645,올시즌,2024,롯데,23,CF,-0.01,-0.08,11,6,6,6,1,2,0,0,0,2,1,1,0,0,0,0,3,0,0,0,0.333,0.333,0.333,0.666,-0.048,61.8,-0.09
도슨 (Ronnie Dawson),15652,올시즌,2024,키움,28,LF,3.22,-0.14,57,256,256,232,41,85,21,2,8,134,33,2,2,21,2,0,35,5,0,1,0.366,0.422,0.578,1.000,0.085,162.8,3.09
맥키넌 (David MacKinnon),15862,올시즌,2024,삼성,29,1B,1.28,-0.03,58,261,259,226,26,68,9,0,4,89,25,1,0,33,1,3,25,6,0,1,0.301,0.391,0.394,0.785,0.011,106.7,1.24
김호진 (HO-JIN KIM),15868,올시즌,2024,삼성,18,3B,-0.28,0.20,15,26,26,23,1,2,0,0,0,2,3,0,0,1,1,0,9,1,0,1,0.087,0.154,0.087,0.241,-0.166,-28.1,-0.07
김현종 (Hyun-jong Kim),16013,올시즌,2024,LG,19,CF,0.13,0.07,15,13,13,12,8,3,1,0,0,4,2,0,0,0,1,0,3,0,0,0,0.250,0.308,0.333,0.641,0.030,121.1,0.21
박지환 (Ji-hwan Park),16038,올시즌,2024,SSG,18,2B,0.06,0.15,11,30,30,26,6,8,0,0,0,8,3,1,1,3,1,0,6,0,0,0,0.308,0.400,0.308,0.708,-0.011,89.7,0.21
정준재 (Jun-jae Jung),16042,올시즌,2024,SSG,20,2B,-0.07,0.40,18,43,42,40,7,9,2,1,0,13,3,2,1,2,0,0,13,1,1,0,0.225,0.262,0.325,0.587,-0.073,43.9,0.33
정현승 (Hyun-seung Jung),16043,올시즌,2024,SSG,22,RF,-0.13,0.02,5,10,10,9,0,2,0,0,0,2,0,0,0,1,0,0,2,0,0,0,0.222,0.300,0.222,0.522,-0.078,38.7,-0.10
김세훈 (Se-hun Kim),16058,올시즌,2024,NC,18,SS,-0.09,-0.03,6,5,5,4,0,0,0,0,0,0,0,0,0,1,0,0,2,0,0,0,0.000,0.200,0.000,0.200,-0.186,-43.6,-0.12
데이비슨 (Matthew Glen Davidson),16066,올시즌,2024,NC,32,1B,2.10,-0.72,55,242,242,209,39,61,10,0,17,122,44,0,1,20,10,2,62,4,0,3,0.292,0.376,0.584,0.960,0.058,141.8,1.38
전다민 (Da-min Jeon),16072,올시즌,2024,두산,22,CF,-0.03,0.00,2,1,1,1,1,0,0,0,0,0,0,0,0,0,0,0,0,0,0,0,0.000,0.000,0.000,0.000,-0.328,-151.0,-0.03
강성우 (Sung-woo Kang),16093,올시즌,2024,롯데,18,DH,0.04,0.00,1,2,1,1,0,1,0,0,0,1,0,0,1,0,0,0,0,0,1,0,1.000,1.000,1.000,2.000,0.497,287.7,0.04
백두산 (Du-San Baek),16101,올시즌,2024,롯데,22,C,-0.03,0.01,1,1,1,1,0,0,0,0,0,0,0,0,0,0,0,0,1,0,0,0,0.000,0.000,0.000,0.000,-0.316,-142.0,-0.02
레이예스 (Víctor José Reyes),16106,올시즌,2024,롯데,29,RF,2.21,-0.36,60,262,262,237,32,79,14,2,6,115,52,4,0,17,1,0,34,6,0,7,0.333,0.370,0.485,0.855,0.042,129.7,1.85
황영묵 (Young-mook Hwang),16110,올시즌,2024,한화,24,SS,0.61,0.27,45,140,140,131,22,41,5,1,1,51,17,2,1,7,2,0,18,3,0,0,0.313,0.357,0.389,0.746,0.000,98.1,0.88
페라자 (Yonathan Jesús Perlaza),16121,올시즌,2024,한화,25,RF,2.79,-0.60,56,248,246,215,41,68,16,0,15,129,42,5,4,30,1,3,61,4,0,2,0.316,0.399,0.600,0.999,0.083,160.3,2.19
이재상 (Jae-sang Lee),16124,올시즌,2024,키움,18,SS,-0.43,-0.45,19,50,50,48,6,10,1,0,1,14,4,0,0,0,2,0,19,0,0,0,0.208,0.240,0.292,0.532,-0.113,12.6,-0.88
고영우 (Young-woo Ko),16128,올시즌,2024,키움,22,3B,0.40,-0.43,40,128,127,114,10,35,4,0,0,39,13,0,0,13,0,0,31,0,1,0,0.307,0.378,0.342,0.720,-0.007,92.7,-0.03
송지후 (Ji-hoo Song),16130,올시즌,2024,키움,18,2B,0.04,0.00,2,1,1,1,1,0,0,0,0,0,0,0,0,0,0,0,0,0,0,0,0.000,0.000,0.000,0.000,0.527,498.2,0.04
원성준 (Seong-jun Won),16136,올시즌,2024,키움,23,SS,0.27,-0.17,3,12,12,10,3,4,2,0,1,9,5,0,0,1,0,0,2,0,0,1,0.400,0.417,0.900,1.317,0.171,227.9,0.10
